port,label,avg_ms,median_ms,p95_ms,avg_toks,token_tps,completion_tps,failures
8000,microsoft/phi-2,1363.8034343719482,1362.0837926864624,1385.624885559082,174,127.58436854951138,0.7332434974109849,0
8001,TinyLlama/TinyLlama-1.1B-Chat-v1.0,9.499549865722656,9.482026100158691,9.729385375976562,19,2000.0947696014457,105.26814576849713,0
