prompt,K,n_runs,baseline_mean,baseline_std,spec_mean,spec_std,spec_over_baseline
Explain speculative decoding in simple terms.,4,2,21.042292937636375,0.043271642530528516,88.39373104274273,0.029173521703634464,4.200765159230397
Explain speculative decoding in simple terms.,8,2,21.000443026423454,0.02111293692592598,155.01760877668858,0.03555350089697105,7.381635167488623
Summarize the main ideas behind attention mechanisms in transformers.,4,2,21.107874810695648,0.005626604276204353,88.38063292205334,0.13671120567918058,4.187092907963888
Summarize the main ideas behind attention mechanisms in transformers.,8,2,21.054603159427643,0.012080340454435002,155.08578717708588,0.14260386193660995,7.3658850752379506
"Write a short, friendly introduction to how speculative decoding speeds up generation.",4,2,21.057019010186195,0.022698712101148367,88.3895680308342,0.14707142787876473,4.1976296829136315
"Write a short, friendly introduction to how speculative decoding speeds up generation.",8,2,21.056944504380226,0.04432004538723701,155.01635521650314,0.23109643874129585,7.361768711707291
